cluster,3,4,5,6,7,8
1,30.0,20.754716981132077,31.195840554592717,41.86915887850468,68.26347305389223,58.82352941176471
2,70.0,79.24528301886792,68.80415944540728,58.13084112149532,31.736526946107784,41.17647058823529
